Meses;Tasa de desempleo(porcentaje)
Sep19;2.558109336
Oct19;2.48791041
Nov19;2.588057064
Dic19;2.729081189
Ene20;2.921671672
Feb20;3.351331223
Mar20;3.634403146
Abr20;4.271604938
May20;6.531791908
Jun20;7.577931394
Jul20;9.35324387
Ago20;9.116479153
Sep20;11.3
Oct20;10.7326526
Nov20;11.3
Dic20;9.256978654
Ene21;8.757252732
Feb21;8.822311197
Mar21;9.215686275
Abr21;8.564091887
May21;7.174508015
Jun21;6.646850493
Jul21;6.626843382
Ago21;n.d.
Sep21;n.d.
